Workbook

Sheet master
A1: Employee Number | B1: Hours | C1: Amount | D1: Rate | E1: Sum
A2: 525794 | B2: =VLOOKUP(A2,Hrs!$A:$B,2,FALSE) | C2: =INDEX(amount!A:A,MATCH(A2,amount!B:B,0)) | D2: =ROUND(C2/52/B2,2) | E2: 27.915
A3: 526050 | B3: =VLOOKUP(A3,Hrs!$A:$B,2,FALSE) | C3: =INDEX(amount!A:A,MATCH(A3,amount!B:B,0)) | D3: =ROUND(C3/52/B3,2) | E3: 46.47
A4: 526149 | B4: =VLOOKUP(A4,Hrs!$A:$B,2,FALSE) | C4: =INDEX(amount!A:A,MATCH(A4,amount!B:B,0)) | D4: =ROUND(C4/52/B4,2) | E4: 62.64
A5: 524844 | B5: =VLOOKUP(A5,Hrs!$A:$B,2,FALSE) | C5: =INDEX(amount!A:A,MATCH(A5,amount!B:B,0)) | D5: =ROUND(C5/52/B5,2) | E5: 12.96
A6: 525838 | B6: =VLOOKUP(A6,Hrs!$A:$B,2,FALSE) | C6: =INDEX(amount!A:A,MATCH(A6,amount!B:B,0)) | D6: =ROUND(C6/52/B6,2) | E6: 46.8
A7: 525591 | B7: =VLOOKUP(A7,Hrs!$A:$B,2,FALSE) | C7: =INDEX(amount!A:A,MATCH(A7,amount!B:B,0)) | D7: =ROUND(C7/52/B7,2) | E7: 17.715
A8: 522787 | B8: =VLOOKUP(A8,Hrs!$A:$B,2,FALSE) | C8: =INDEX(amount!A:A,MATCH(A8,amount!B:B,0)) | D8: =ROUND(C8/52/B8,2) | E8: 41.19
A9: 525597 | B9: =VLOOKUP(A9,Hrs!$A:$B,2,FALSE) | C9: =INDEX(amount!A:A,MATCH(A9,amount!B:B,0)) | D9: =ROUND(C9/52/B9,2) | E9: 8.025
A10: 525990 | B10: =VLOOKUP(A10,Hrs!$A:$B,2,FALSE) | C10: =INDEX(amount!A:A,MATCH(A10,amount!B:B,0)) | D10: =ROUND(C10/52/B10,2) | E10: 27.12
A11: 525718 | B11: =VLOOKUP(A11,Hrs!$A:$B,2,FALSE) | C11: =INDEX(amount!A:A,MATCH(A11,amount!B:B,0)) | D11: =ROUND(C11/52/B11,2) | E11: 54.375
A12: 522721 | B12: =VLOOKUP(A12,Hrs!$A:$B,2,FALSE) | C12: =INDEX(amount!A:A,MATCH(A12,amount!B:B,0)) | D12: =ROUND(C12/52/B12,2) | E12: 22.29
A13: 525080 | B13: =VLOOKUP(A13,Hrs!$A:$B,2,FALSE) | C13: =INDEX(amount!A:A,MATCH(A13,amount!B:B,0)) | D13: =ROUND(C13/52/B13,2) | E13: 17.88
... A53: 524511 | B53: =VLOOKUP(A53,Hrs!$A:$B,2,FALSE) | C53: =INDEX(amount!A:A,MATCH(A53,amount!B:B,0)) | D53: =ROUND(C53/52/B53,2) | E53: 13.77
A54: 526203 | B54: =VLOOKUP(A54,Hrs!$A:$B,2,FALSE) | C54: =INDEX(amount!A:A,MATCH(A54,amount!B:B,0)) | D54: =ROUND(C54/52/B54,2) | E54: #N/A
A55: 525613 | B55: =VLOOKUP(A55,Hrs!$A:$B,2,FALSE) | C55: =INDEX(amount!A:A,MATCH(A55,amount!B:B,0)) | D55: =ROUND(C55/52/B55,2) | E55: 9.645
A56: 525971 | B56: =VLOOKUP(A56,Hrs!$A:$B,2,FALSE) | C56: =INDEX(amount!A:A,MATCH(A56,amount!B:B,0)) | D56: =ROUND(C56/52/B56,2) | E56: 35.28
A57: 136550 | B57: =VLOOKUP(A57,Hrs!$A:$B,2,FALSE) | C57: =INDEX(amount!A:A,MATCH(A57,amount!B:B,0)) | D57: =ROUND(C57/52/B57,2) | E57: 45.675
A58: 525633 | B58: =VLOOKUP(A58,Hrs!$A:$B,2,FALSE) | C58: =INDEX(amount!A:A,MATCH(A58,amount!B:B,0)) | D58: =ROUND(C58/52/B58,2) | E58: 48.825
A59: 525693 | B59: =VLOOKUP(A59,Hrs!$A:$B,2,FALSE) | C59: =INDEX(amount!A:A,MATCH(A59,amount!B:B,0)) | D59: =ROUND(C59/52/B59,2) | E59: 17.025
A60: 522361 | B60: =VLOOKUP(A60,Hrs!$A:$B,2,FALSE) | C60: =INDEX(amount!A:A,MATCH(A60,amount!B:B,0)) | D60: =ROUND(C60/52/B60,2) | E60: 72.9
A61: 522780 | B61: =VLOOKUP(A61,Hrs!$A:$B,2,FALSE) | C61: =INDEX(amount!A:A,MATCH(A61,amount!B:B,0)) | D61: =ROUND(C61/52/B61,2) | E61: 41.595
A62: 524988 | B62: =VLOOKUP(A62,Hrs!$A:$B,2,FALSE) | C62: =INDEX(amount!A:A,MATCH(A62,amount!B:B,0)) | D62: =ROUND(C62/52/B62,2) | E62: 37.11
A63: 525953 | B63: =VLOOKUP(A63,Hrs!$A:$B,2,FALSE) | C63: =INDEX(amount!A:A,MATCH(A63,amount!B:B,0)) | D63: =ROUND(C63/52/B63,2) | E63: 11.625
A64: 524695 | B64: =VLOOKUP(A64,Hrs!$A:$B,2,FALSE) | C64: =INDEX(amount!A:A,MATCH(A64,amount!B:B,0)) | D64: =ROUND(C64/52/B64,2) | E64: 5.34
A65: 523348 | B65: =VLOOKUP(A65,Hrs!$A:$B,2,FALSE) | C65: =INDEX(amount!A:A,MATCH(A65,amount!B:B,0)) | D65: =ROUND(C65/52/B65,2) | E65: 27.255
A66: 524428 | B66: =VLOOKUP(A66,Hrs!$A:$B,2,FALSE) | C66: =INDEX(amount!A:A,MATCH(A66,amount!B:B,0)) | D66: =ROUND(C66/52/B66,2) | E66: 45.78
... A154: 524972 | B154: =VLOOKUP(A154,Hrs!$A:$B,2,FALSE) | C154: =INDEX(amount!A:A,MATCH(A154,amount!B:B,0)) | D154: =ROUND(C154/52/B154,2) | E154: 19.335

Sheet Hrs
A1: Employee Number | B1: Contract Hours
A2: 131939 | B2: 22.5
A3: 132804 | B3: 42.5
A4: 136550 | B4: 37.5
A5: 136946 | B5: 42.5
A6: 137772 | B6: 42.5
A7: 143819 | B7: 37.5
A8: 147062 | B8: 37.5
A9: 147406 | B9: 42.5
A10: 147721 | B10: 42.5
A11: 149363 | B11: 37.5
A12: 152589 | B12: 34
A13: 159304 | B13: 42.5
... A1601: 526205 | B1601: 40

Sheet amount
A1: 98301.184 | B1: 120354
A2: 2770.1915 | B2: 131939
A3: 2595.2501 | B3: 132804
A4: 59372.233 | B4: 136550
A5: 9684.5859 | B5: 136946
A6: 29693.961 | B6: 137772
A7: 86406.437 | B7: 143819
A8: 21472.151 | B8: 147062
A9: 6762.8758 | B9: 147406
A10: 96586.403 | B10: 147721
A11: 53188.771 | B11: 149363
A12: 98301.184 | B12: 152589
... A1590: 63012.152 | B1590: 526207
